Model,Accuracy,Precision (True),Precision (False),Recall (True),Recall (False),F1 Score (True),F1 Score (False),ROC-AUC Score
Logistic Regression,0.8113744075829384,0.8636363636363636,0.7380410022779044,0.8222565687789799,0.7941176470588235,0.8424386381631037,0.7650531286894924,0.8081871079189018
SVM,0.7772511848341233,0.8208722741433022,0.7094430992736077,0.8145285935085008,0.7181372549019608,0.8176881303335919,0.7137637028014616,0.7663329242052308
KNN,0.8341232227488151,0.8769968051118211,0.7715617715617715,0.848531684698609,0.8112745098039216,0.8625294579732914,0.7909199522102748,0.8299030972512652
NB,0.7895734597156399,0.9976580796252927,0.6480891719745223,0.6584234930448223,0.9975490196078431,0.7932960893854749,0.7857142857142857,0.8279862563263327
Decision Tree,1.0,1.0,1.0,1.0,1.0,1.0,1.0,1.0
Random Forest,1.0,1.0,1.0,1.0,1.0,1.0,1.0,1.0
MLP,0.9241706161137441,0.9670510708401977,0.8660714285714286,0.9072642967542504,0.9509803921568627,0.9362041467304625,0.9065420560747663,0.9291223444555565
